d__Bacteria;p__Firmicutes;c__Clostridia;o__Lachnospirales;f__Lachnospiraceae;g__[Ruminococcus]_gnavus_group;s__	d__Bacteria;p__Firmicutes;c__Clostridia;o__Peptostreptococcales-Tissierellales;f__Peptostreptococcaceae;g__Romboutsia;s__	d__Bacteria;p__Firmicutes;c__Clostridia;o__Peptostreptococcales-Tissierellales;f__Peptostreptococcaceae;g__Terrisporobacter;s__	d__Bacteria;p__Firmicutes;c__Clostridia;o__Lachnospirales;f__Lachnospiraceae;g__Agathobacter;s__	d__Bacteria;p__Actinobacteriota;c__Actinobacteria;o__Bifidobacteriales;f__Bifidobacteriaceae;g__Bifidobacterium;s__	d__Bacteria;p__Firmicutes;c__Clostridia;o__Clostridiales;f__Clostridiaceae;g__Clostridium_sensu_stricto_1;s__	d__Bacteria;p__Firmicutes;c__Clostridia;o__Lachnospirales;f__Lachnospiraceae;g__Blautia;s__	d__Bacteria;p__Firmicutes;c__Clostridia;o__Oscillospirales;f__Ruminococcaceae;g__UBA1819;s__	d__Bacteria;p__Campylobacterota;c__Campylobacteria;o__Campylobacterales;f__Campylobacteraceae;g__Campylobacter;s__	d__Bacteria;p__Firmicutes;c__Bacilli;o__Lactobacillales;f__Lactobacillaceae;g__Lactiplantibacillus;s__	d__Bacteria;p__Firmicutes;c__Bacilli;o__Lactobacillales;f__Lactobacillaceae;g__Lapidilactobacillus;s__	d__Bacteria;p__Firmicutes;c__Bacilli;o__Lactobacillales;f__Lactobacillaceae;g__Latilactobacillus;s__	d__Bacteria;p__Firmicutes;c__Bacilli;o__Lactobacillales;f__Lactobacillaceae;g__Dellaglioa;s__	d__Bacteria;p__Firmicutes;c__Bacilli;o__Lactobacillales;f__Lactobacillaceae;g__Lactobacillus;s__	d__Bacteria;p__Firmicutes;c__Bacilli;o__Lactobacillales;f__Lactobacillaceae;g__Lacticaseibacillus;s__	d__Bacteria;p__Firmicutes;c__Bacilli;o__Lactobacillales;f__Lactobacillaceae;g__Pediococcus;s__	d__Bacteria;p__Firmicutes;c__Bacilli;o__Lactobacillales;f__Lactobacillaceae;g__Ligilactobacillus;s__	d__Bacteria;p__Firmicutes;c__Bacilli;o__Lactobacillales;f__Lactobacillaceae;g__Leuconostoc;s__	d__Bacteria;p__Firmicutes;c__Bacilli;o__Lactobacillales;f__Lactobacillaceae;g__Limosilactobacillus;s__	d__Bacteria;p__Firmicutes;c__Bacilli;o__Lactobacillales;f__Lactobacillaceae;g__HT002;s__	d__Bacteria;p__Firmicutes;c__Bacilli;o__Staphylococcales;f__Staphylococcaceae;g__Macrococcus;s__	d__Bacteria;p__Firmicutes;c__Bacilli;o__Lactobacillales;f__Aerococcaceae;g__Abiotrophia;s__	d__Bacteria;p__Firmicutes;c__Bacilli;o__Lactobacillales;__;__;__	d__Bacteria;p__Firmicutes;c__Bacilli;o__Staphylococcales;f__Gemellaceae;g__Gemella;s__	d__Bacteria;p__Firmicutes;c__Bacilli;o__Staphylococcales;f__Staphylococcaceae;g__Staphylococcus;s__	d__Bacteria;p__Firmicutes;c__Bacilli;o__Lactobacillales;f__Streptococcaceae;g__Lactococcus;s__	d__Bacteria;p__Firmicutes;c__Bacilli;o__Lactobacillales;f__Enterococcaceae;g__Enterococcus;s__	d__Bacteria;p__Firmicutes;c__Bacilli;o__Lactobacillales;f__Streptococcaceae;g__Streptococcus;s__	d__Bacteria;p__Firmicutes;c__Bacilli;o__Erysipelotrichales;f__Erysipelotrichaceae;g__Turicibacter;s__	d__Bacteria;p__Firmicutes;c__Bacilli;o__Erysipelotrichales;f__Erysipelatoclostridiaceae;g__Erysipelatoclostridium;s__	d__Bacteria;p__Firmicutes;c__Bacilli;o__Erysipelotrichales;f__Erysipelatoclostridiaceae;g__Coprobacillus;s__	d__Bacteria;p__Firmicutes;c__Bacilli;o__Erysipelotrichales;f__Erysipelotrichaceae;g__Solobacterium;s__	d__Bacteria;p__Firmicutes;c__Bacilli;o__Erysipelotrichales;f__Erysipelotrichaceae;g__[Clostridium]_innocuum_group;s__	d__Bacteria;p__Firmicutes;c__Bacilli;o__Erysipelotrichales;f__Erysipelotrichaceae;g__Faecalitalea;s__	d__Bacteria;p__Verrucomicrobiota;c__Verrucomicrobiae;o__Verrucomicrobiales;f__Akkermansiaceae;g__Akkermansia;s__	d__Bacteria;p__Bacteroidota;c__Bacteroidia;o__Bacteroidales;f__Bacteroidaceae;g__Bacteroides;s__	d__Bacteria;p__Bacteroidota;c__Bacteroidia;o__Bacteroidales;f__Rikenellaceae;g__Alistipes;s__	d__Bacteria;p__Bacteroidota;c__Bacteroidia;o__Bacteroidales;f__Tannerellaceae;g__Parabacteroides;s__	d__Bacteria;p__Patescibacteria;c__Saccharimonadia;o__Saccharimonadales;f__Saccharimonadaceae;g__TM7x;s__	d__Bacteria;p__Patescibacteria;c__Saccharimonadia;o__Saccharimonadales;f__Saccharimonadaceae;g__Saccharimonadaceae;s__	d__Bacteria;p__Firmicutes;c__Clostridia;o__Oscillospirales;f__Ruminococcaceae;g__Incertae_Sedis;s__	d__Bacteria;p__Firmicutes;c__Clostridia;o__Lachnospirales;f__Lachnospiraceae;g__Dorea;s__	d__Bacteria;p__Firmicutes;c__Clostridia;o__Oscillospirales;f__Ruminococcaceae;g__Pygmaiobacter;s__	d__Bacteria;p__Firmicutes;c__Clostridia;o__Oscillospirales;f__Ruminococcaceae;__;__	d__Bacteria;p__Firmicutes;c__Clostridia;o__Lachnospirales;f__Lachnospiraceae;g__Lachnospira;s__	d__Bacteria;p__Firmicutes;c__Clostridia;o__Peptostreptococcales-Tissierellales;f__Peptostreptococcaceae;g__Peptostreptococcus;s__	d__Bacteria;p__Firmicutes;c__Clostridia;o__Peptostreptococcales-Tissierellales;f__Peptostreptococcaceae;g__Paeniclostridium;s__	d__Bacteria;p__Firmicutes;c__Clostridia;o__Peptostreptococcales-Tissierellales;f__Peptostreptococcaceae;g__Intestinibacter;s__	d__Bacteria;p__Firmicutes;c__Clostridia;o__Peptostreptococcales-Tissierellales;f__Peptostreptococcaceae;g__Clostridioides;s__	d__Bacteria;p__Actinobacteriota;c__Actinobacteria;o__Actinomycetales;f__Actinomycetaceae;g__Actinomyces;s__	d__Bacteria;p__Firmicutes;c__Clostridia;o__Lachnospirales;f__Lachnospiraceae;g__Lachnoclostridium;s__	d__Bacteria;p__Firmicutes;c__Clostridia;o__Lachnospirales;f__Lachnospiraceae;g__Herbinix;s__	d__Bacteria;p__Firmicutes;c__Clostridia;o__Lachnospirales;f__Lachnospiraceae;__;__	d__Bacteria;p__Firmicutes;c__Clostridia;o__Peptostreptococcales-Tissierellales;f__Anaerovoracaceae;g__[Eubacterium]_nodatum_group;s__	d__Bacteria;p__Proteobacteria;c__Gammaproteobacteria;o__Enterobacterales;f__Enterobacteriaceae;__;__	d__Bacteria;p__Proteobacteria;c__Gammaproteobacteria;o__Enterobacterales;f__Enterobacteriaceae;g__Citrobacter;s__	d__Bacteria;p__Proteobacteria;c__Gammaproteobacteria;o__Enterobacterales;f__Enterobacteriaceae;g__Escherichia-Shigella;s__	d__Bacteria;p__Proteobacteria;c__Gammaproteobacteria;o__Enterobacterales;f__Enterobacteriaceae;g__Klebsiella;s__	d__Bacteria;p__Firmicutes;c__Clostridia;o__Lachnospirales;f__Lachnospiraceae;g__Epulopiscium;s__	d__Bacteria;p__Actinobacteriota;c__Actinobacteria;o__Micrococcales;f__Micrococcaceae;g__Rothia;s__	d__Bacteria;p__Actinobacteriota;c__Actinobacteria;o__Bifidobacteriales;f__Bifidobacteriaceae;g__Scardovia;s__	d__Bacteria;p__Actinobacteriota;c__Actinobacteria;o__Corynebacteriales;f__Corynebacteriaceae;g__Corynebacterium;s__	d__Bacteria;p__Firmicutes;c__Clostridia;o__Peptostreptococcales-Tissierellales;f__Anaerovoracaceae;g__Family_XIII_AD3011_group;s__	d__Bacteria;p__Firmicutes;c__Clostridia;o__Oscillospirales;f__[Eubacterium]_coprostanoligenes_group;g__[Eubacterium]_coprostanoligenes_group;s__	d__Bacteria;p__Firmicutes;c__Clostridia;o__Lachnospirales;f__Lachnospiraceae;g__[Eubacterium]_hallii_group;s__	d__Bacteria;p__Firmicutes;c__Clostridia;o__Clostridiales;f__Clostridiaceae;g__Clostridium_sensu_stricto_2;s__	d__Bacteria;p__Firmicutes;c__Clostridia;o__Peptostreptococcales-Tissierellales;f__Family_XI;g__Finegoldia;s__	d__Bacteria;p__Firmicutes;c__Clostridia;o__Oscillospirales;f__[Clostridium]_methylpentosum_group;g__[Clostridium]_methylpentosum_group;s__	d__Bacteria;p__Firmicutes;c__Clostridia;o__Lachnospirales;f__Lachnospiraceae;g__Robinsoniella;s__	d__Bacteria;p__Firmicutes;c__Clostridia;o__Lachnospirales;f__Lachnospiraceae;g__Sellimonas;s__	d__Bacteria;p__Firmicutes;c__Clostridia;o__Lachnospirales;f__Lachnospiraceae;g__[Eubacterium]_fissicatena_group;s__	d__Bacteria;p__Firmicutes;c__Clostridia;o__Lachnospirales;f__Lachnospiraceae;g__[Ruminococcus]_torques_group;s__	d__Bacteria;p__Firmicutes;c__Clostridia;o__Lachnospirales;f__Lachnospiraceae;g__[Ruminococcus]_gauvreauii_group;s__	d__Bacteria;p__Firmicutes;c__Clostridia;o__Lachnospirales;f__Lachnospiraceae;g__Roseburia;s__	d__Bacteria;p__Firmicutes;c__Clostridia;o__Lachnospirales;f__Lachnospiraceae;g__Fusicatenibacter;s__	d__Bacteria;p__Firmicutes;c__Clostridia;o__Lachnospirales;f__Lachnospiraceae;g__Anaerostipes;s__	d__Bacteria;p__Firmicutes;c__Clostridia;o__Lachnospirales;f__Lachnospiraceae;g__Eisenbergiella;s__	d__Bacteria;p__Firmicutes;c__Clostridia;o__Lachnospirales;f__Lachnospiraceae;g__Oribacterium;s__	d__Bacteria;p__Firmicutes;c__Clostridia;o__Oscillospirales;f__Ruminococcaceae;g__Faecalibacterium;s__	d__Bacteria;p__Firmicutes;c__Clostridia;o__Oscillospirales;f__Ruminococcaceae;g__Candidatus_Soleaferrea;s__	d__Bacteria;p__Desulfobacterota;c__Desulfovibrionia;o__Desulfovibrionales;f__Desulfovibrionaceae;g__Bilophila;s__	d__Bacteria;p__Firmicutes;c__Clostridia;o__Clostridiales;f__Clostridiaceae;g__Clostridium_sensu_stricto_13;s__	d__Bacteria;p__Firmicutes;c__Clostridia;o__Oscillospirales;f__Butyricicoccaceae;g__Butyricicoccus;s__	d__Bacteria;p__Firmicutes;c__Clostridia;o__Monoglobales;f__Monoglobaceae;g__Monoglobus;s__	d__Bacteria;p__Firmicutes;c__Clostridia;o__Eubacteriales;f__Eubacteriaceae;g__Eubacterium;s__	d__Bacteria;p__Fusobacteriota;c__Fusobacteriia;o__Fusobacteriales;f__Fusobacteriaceae;g__Fusobacterium;s__	d__Bacteria;p__Firmicutes;c__Clostridia;o__Lachnospirales;f__Lachnospiraceae;g__Hungatella;s__	d__Bacteria;p__Firmicutes;c__Clostridia;o__Lachnospirales;f__Lachnospiraceae;g__Lachnoanaerobaculum;s__	d__Bacteria;p__Firmicutes;c__Clostridia;o__Lachnospirales;f__Lachnospiraceae;g__Anaerosporobacter;s__	d__Bacteria;p__Firmicutes;c__Clostridia;o__Oscillospirales;f__Oscillospiraceae;g__Oscillibacter;s__	d__Bacteria;p__Firmicutes;c__Clostridia;o__Oscillospirales;f__Oscillospiraceae;g__uncultured;s__	d__Bacteria;p__Firmicutes;c__Clostridia;o__Oscillospirales;f__Oscillospiraceae;g__Flavonifractor;s__	d__Bacteria;p__Firmicutes;c__Negativicutes;o__Veillonellales-Selenomonadales;__;__;__	d__Bacteria;p__Firmicutes;c__Negativicutes;o__Acidaminococcales;f__Acidaminococcaceae;g__Phascolarctobacterium;s__	d__Bacteria;p__Firmicutes;c__Negativicutes;o__Veillonellales-Selenomonadales;f__Veillonellaceae;g__Veillonella;s__	d__Bacteria;p__Firmicutes;c__Negativicutes;o__Veillonellales-Selenomonadales;f__Veillonellaceae;g__Megasphaera;s__	d__Bacteria;p__Firmicutes;c__Negativicutes;o__Veillonellales-Selenomonadales;f__Veillonellaceae;g__Dialister;s__	d__Bacteria;p__Actinobacteriota;c__Coriobacteriia;o__Coriobacteriales;f__Atopobiaceae;g__Atopobium;s__	d__Bacteria;p__Firmicutes;c__Clostridia;o__Peptostreptococcales-Tissierellales;f__Family_XI;g__Anaerococcus;s__	d__Bacteria;p__Actinobacteriota;c__Coriobacteriia;o__Coriobacteriales;f__Eggerthellaceae;g__Eggerthella;s__	d__Bacteria;p__Firmicutes;c__Clostridia;o__Oscillospirales;f__Ruminococcaceae;g__Caproiciproducens;s__	d__Bacteria;p__Firmicutes;c__Clostridia;o__Oscillospirales;f__Ruminococcaceae;g__Anaerotruncus;s__	d__Bacteria;p__Actinobacteriota;c__Actinobacteria;o__Actinomycetales;f__Actinomycetaceae;g__F0332;s__	d__Bacteria;p__Firmicutes;c__Clostridia;o__Oscillospirales;f__Ruminococcaceae;g__DTU089;s__	d__Bacteria;p__Firmicutes;c__Clostridia;o__Oscillospirales;f__Ruminococcaceae;g__Subdoligranulum;s__	d__Bacteria;p__Firmicutes;c__Clostridia;o__Oscillospirales;f__Ruminococcaceae;g__CAG-352;s__
0.0	0.0	15.0	0.0	12529.0	6052.0	102.0	13.0	22.0	441.0	0.0	0.0	0.0	1273.0	313.0	0.0	0.0	0.0	0.0	0.0	0.0	100.0	505.0	176.0	0.0	837.0	41426.0	90088.0	0.0	2.0	0.0	0.0	0.0	0.0	0.0	0.0	0.0	0.0	0.0	0.0	176.0	0.0	0.0	0.0	0.0	12.0	0.0	3073.0	5594.0	512.0	14163.0	0.0	464.0	16.0	0.0	0.0	0.0	0.0	0.0	118.0	0.0	0.0	0.0	0.0	0.0	2654.0	0.0	145.0	0.0	0.0	0.0	0.0	0.0	0.0	0.0	1563.0	0.0	0.0	0.0	0.0	0.0	140.0	0.0	0.0	0.0	9211.0	0.0	0.0	20.0	0.0	0.0	0.0	0.0	0.0	2460.0	0.0	0.0	1183.0	0.0	0.0	0.0	0.0	0.0	0.0	8.0	0.0
0.0	0.0	0.0	0.0	33491.0	0.0	0.0	11.0	0.0	5401.0	0.0	0.0	0.0	3685.0	1414.0	0.0	0.0	0.0	0.0	0.0	0.0	0.0	46.0	0.0	5.0	0.0	34.0	213937.0	0.0	0.0	0.0	0.0	0.0	0.0	0.0	8.0	0.0	0.0	0.0	0.0	0.0	0.0	0.0	0.0	0.0	0.0	0.0	0.0	0.0	0.0	4.0	0.0	0.0	0.0	0.0	0.0	40147.0	0.0	0.0	0.0	0.0	0.0	0.0	0.0	0.0	0.0	0.0	0.0	0.0	0.0	0.0	0.0	0.0	0.0	0.0	0.0	0.0	0.0	0.0	0.0	0.0	0.0	0.0	0.0	0.0	0.0	0.0	0.0	0.0	0.0	0.0	0.0	0.0	0.0	139.0	0.0	0.0	0.0	0.0	0.0	0.0	0.0	0.0	0.0	3.0	0.0
0.0	0.0	0.0	0.0	0.0	0.0	0.0	4.0	0.0	0.0	0.0	0.0	0.0	0.0	0.0	0.0	0.0	0.0	0.0	0.0	0.0	0.0	0.0	0.0	0.0	0.0	11.0	39.0	0.0	0.0	0.0	0.0	0.0	0.0	0.0	0.0	0.0	0.0	0.0	0.0	0.0	0.0	0.0	0.0	0.0	0.0	0.0	0.0	0.0	0.0	18.0	0.0	0.0	0.0	0.0	0.0	3.0	0.0	0.0	0.0	0.0	0.0	0.0	0.0	0.0	0.0	0.0	0.0	0.0	0.0	0.0	0.0	0.0	0.0	0.0	0.0	0.0	0.0	0.0	0.0	0.0	0.0	0.0	0.0	0.0	0.0	0.0	0.0	0.0	0.0	0.0	0.0	0.0	0.0	0.0	0.0	0.0	0.0	0.0	0.0	0.0	0.0	0.0	0.0	0.0	0.0
0.0	0.0	0.0	0.0	2.0	0.0	16.0	7.0	0.0	0.0	0.0	0.0	0.0	0.0	0.0	0.0	0.0	0.0	0.0	0.0	0.0	0.0	0.0	0.0	0.0	0.0	0.0	6.0	0.0	0.0	0.0	0.0	0.0	0.0	0.0	0.0	0.0	0.0	0.0	0.0	0.0	24.0	0.0	0.0	0.0	0.0	0.0	0.0	0.0	0.0	0.0	0.0	0.0	0.0	0.0	0.0	0.0	0.0	0.0	0.0	0.0	0.0	0.0	0.0	0.0	0.0	0.0	0.0	0.0	0.0	0.0	0.0	0.0	0.0	0.0	0.0	0.0	0.0	0.0	0.0	0.0	0.0	0.0	0.0	0.0	0.0	0.0	0.0	0.0	0.0	0.0	0.0	0.0	0.0	2.0	0.0	0.0	0.0	0.0	0.0	0.0	0.0	0.0	0.0	0.0	0.0
0.0	0.0	0.0	0.0	0.0	0.0	0.0	6.0	0.0	0.0	0.0	0.0	0.0	0.0	0.0	0.0	0.0	0.0	0.0	0.0	0.0	0.0	0.0	0.0	0.0	0.0	11.0	31.0	0.0	0.0	0.0	0.0	0.0	0.0	0.0	9.0	0.0	0.0	0.0	0.0	0.0	0.0	0.0	0.0	0.0	0.0	0.0	0.0	0.0	0.0	0.0	0.0	0.0	0.0	0.0	0.0	0.0	0.0	0.0	0.0	0.0	0.0	0.0	0.0	0.0	0.0	0.0	0.0	0.0	0.0	0.0	0.0	0.0	0.0	0.0	0.0	0.0	0.0	0.0	0.0	0.0	0.0	0.0	0.0	0.0	0.0	0.0	0.0	0.0	0.0	0.0	0.0	0.0	0.0	0.0	0.0	0.0	0.0	0.0	0.0	0.0	0.0	0.0	0.0	0.0	0.0
69455.0	0.0	3364.0	0.0	13.0	1102.0	33550.0	0.0	0.0	46.0	0.0	47.0	2577.0	67.0	14.0	0.0	0.0	0.0	0.0	0.0	14.0	0.0	717.0	144.0	11.0	2113.0	122.0	8191.0	409.0	4.0	0.0	0.0	2710.0	0.0	0.0	164.0	0.0	0.0	0.0	0.0	39.0	0.0	0.0	159.0	0.0	0.0	570.0	147.0	98.0	572.0	132.0	0.0	9184.0	0.0	0.0	0.0	689.0	0.0	80.0	207.0	17.0	0.0	0.0	0.0	0.0	0.0	0.0	0.0	0.0	11106.0	0.0	366.0	0.0	0.0	0.0	0.0	0.0	0.0	232.0	0.0	10.0	0.0	13.0	0.0	0.0	0.0	0.0	0.0	0.0	0.0	0.0	156.0	0.0	7.0	0.0	0.0	0.0	162.0	0.0	0.0	0.0	0.0	19.0	0.0	61.0	0.0
25.0	9.0	0.0	1000.0	28.0	11892.0	53755.0	0.0	448.0	0.0	0.0	0.0	0.0	43.0	155.0	34.0	0.0	0.0	0.0	65.0	0.0	0.0	21890.0	0.0	55718.0	0.0	273.0	1031.0	34.0	2912.0	0.0	0.0	378.0	0.0	0.0	15.0	0.0	0.0	0.0	0.0	0.0	16.0	0.0	7.0	0.0	0.0	0.0	0.0	7536.0	279.0	10.0	0.0	0.0	0.0	0.0	0.0	325.0	38.0	0.0	0.0	0.0	0.0	0.0	0.0	134.0	0.0	0.0	0.0	0.0	18.0	0.0	0.0	22.0	0.0	7.0	24.0	0.0	0.0	220.0	0.0	0.0	0.0	0.0	0.0	0.0	0.0	0.0	0.0	0.0	0.0	0.0	14442.0	0.0	0.0	522.0	0.0	0.0	120.0	0.0	0.0	0.0	0.0	0.0	0.0	82.0	0.0
6771.0	188.0	0.0	68.0	0.0	17.0	40376.0	300.0	0.0	12.0	0.0	0.0	98.0	40.0	208.0	0.0	0.0	0.0	0.0	35.0	0.0	0.0	221.0	244.0	66.0	32.0	49.0	10931.0	39.0	1258.0	0.0	0.0	386.0	0.0	14.0	1047.0	0.0	29.0	43.0	0.0	326.0	273.0	0.0	906.0	6.0	0.0	0.0	0.0	36.0	0.0	397.0	0.0	67.0	0.0	0.0	0.0	673.0	18.0	0.0	6.0	0.0	0.0	7.0	0.0	8589.0	0.0	21.0	26.0	0.0	3156.0	27.0	122.0	0.0	0.0	0.0	3285.0	90.0	0.0	3743.0	6.0	0.0	0.0	0.0	0.0	0.0	0.0	450.0	0.0	0.0	10.0	0.0	11.0	0.0	0.0	82.0	0.0	126.0	0.0	156.0	0.0	0.0	0.0	0.0	313.0	9.0	0.0
0.0	0.0	22.0	61.0	0.0	1059.0	18156.0	20.0	0.0	0.0	5.0	0.0	0.0	4.0	0.0	0.0	0.0	0.0	0.0	12.0	0.0	0.0	690.0	104.0	61.0	130.0	222.0	2354.0	5038.0	14253.0	0.0	64.0	1587.0	0.0	5.0	0.0	0.0	0.0	0.0	0.0	0.0	0.0	0.0	2.0	0.0	0.0	0.0	0.0	1625.0	0.0	0.0	0.0	0.0	3.0	0.0	0.0	36.0	0.0	0.0	0.0	0.0	0.0	0.0	0.0	0.0	0.0	0.0	0.0	0.0	0.0	0.0	0.0	0.0	0.0	0.0	0.0	0.0	0.0	11.0	0.0	0.0	0.0	0.0	0.0	0.0	0.0	0.0	0.0	0.0	0.0	0.0	84.0	0.0	0.0	896.0	0.0	0.0	0.0	0.0	0.0	0.0	0.0	0.0	0.0	10.0	0.0
11.0	0.0	0.0	0.0	0.0	0.0	0.0	0.0	0.0	0.0	0.0	0.0	0.0	0.0	0.0	0.0	0.0	0.0	0.0	0.0	0.0	0.0	0.0	0.0	0.0	0.0	5.0	6.0	0.0	0.0	0.0	0.0	0.0	0.0	0.0	0.0	0.0	0.0	0.0	0.0	0.0	0.0	0.0	0.0	0.0	0.0	0.0	0.0	0.0	0.0	0.0	0.0	3.0	0.0	0.0	0.0	0.0	0.0	0.0	0.0	0.0	0.0	0.0	0.0	0.0	0.0	0.0	0.0	0.0	0.0	0.0	0.0	0.0	0.0	0.0	0.0	0.0	0.0	0.0	0.0	0.0	0.0	0.0	0.0	0.0	0.0	0.0	0.0	0.0	0.0	0.0	0.0	0.0	0.0	0.0	0.0	0.0	0.0	0.0	0.0	0.0	0.0	0.0	0.0	0.0	0.0
13173.0	0.0	235.0	63.0	0.0	667.0	30689.0	0.0	0.0	0.0	0.0	0.0	0.0	6.0	29.0	0.0	0.0	0.0	0.0	0.0	14.0	0.0	70.0	7.0	3.0	238.0	100.0	3235.0	1525.0	153.0	5.0	0.0	562.0	0.0	14.0	2445.0	0.0	0.0	0.0	0.0	0.0	2791.0	30.0	0.0	0.0	0.0	0.0	500.0	0.0	33.0	1659.0	4.0	0.0	0.0	0.0	0.0	14.0	8.0	0.0	0.0	0.0	0.0	0.0	867.0	0.0	0.0	0.0	0.0	317.0	0.0	0.0	26432.0	6418.0	0.0	5815.0	0.0	153.0	0.0	351.0	0.0	0.0	0.0	0.0	0.0	0.0	0.0	0.0	0.0	0.0	0.0	0.0	125.0	0.0	0.0	8.0	0.0	0.0	10.0	0.0	0.0	0.0	0.0	0.0	0.0	14182.0	0.0
593.0	0.0	0.0	0.0	0.0	0.0	96.0	3117.0	0.0	0.0	0.0	0.0	0.0	0.0	141.0	0.0	0.0	0.0	0.0	0.0	0.0	0.0	2504.0	0.0	22796.0	0.0	725.0	6524.0	0.0	0.0	0.0	0.0	15.0	0.0	0.0	0.0	0.0	1105.0	0.0	0.0	53.0	0.0	0.0	0.0	0.0	44.0	0.0	0.0	0.0	120.0	64620.0	0.0	0.0	0.0	0.0	0.0	44456.0	0.0	0.0	2.0	0.0	0.0	0.0	0.0	0.0	19.0	0.0	0.0	0.0	0.0	0.0	0.0	0.0	0.0	0.0	0.0	0.0	0.0	0.0	0.0	0.0	0.0	0.0	0.0	0.0	0.0	309.0	0.0	0.0	0.0	0.0	0.0	0.0	0.0	4.0	0.0	0.0	0.0	0.0	87.0	0.0	0.0	0.0	0.0	0.0	0.0
2183.0	3291.0	117.0	166.0	2856.0	352.0	9658.0	2882.0	0.0	0.0	0.0	49.0	0.0	51.0	10.0	65.0	23.0	0.0	12.0	0.0	22.0	139.0	472.0	179.0	0.0	14.0	11334.0	18901.0	335.0	572.0	0.0	0.0	1758.0	1022.0	0.0	0.0	0.0	6838.0	0.0	4.0	419.0	0.0	0.0	0.0	9.0	0.0	44.0	27511.0	316.0	134.0	5151.0	0.0	130.0	0.0	0.0	0.0	28375.0	0.0	0.0	164.0	0.0	0.0	3.0	0.0	0.0	0.0	0.0	0.0	112.0	27093.0	275.0	1057.0	0.0	0.0	0.0	292.0	0.0	0.0	419.0	60.0	0.0	0.0	0.0	0.0	0.0	7.0	7454.0	0.0	0.0	48.0	0.0	89.0	4.0	0.0	24.0	0.0	0.0	0.0	0.0	1976.0	0.0	76.0	26.0	0.0	0.0	0.0
0.0	11.0	2641.0	31.0	63.0	238.0	124.0	4692.0	0.0	0.0	0.0	0.0	0.0	16.0	96.0	0.0	0.0	0.0	0.0	37.0	0.0	0.0	2450.0	461.0	102.0	0.0	2813.0	17707.0	0.0	80.0	0.0	0.0	202.0	0.0	0.0	8729.0	0.0	0.0	0.0	0.0	422.0	0.0	0.0	0.0	0.0	0.0	0.0	0.0	0.0	0.0	43996.0	0.0	42791.0	0.0	488.0	0.0	0.0	7029.0	0.0	314.0	0.0	0.0	0.0	0.0	0.0	0.0	11.0	0.0	0.0	0.0	0.0	0.0	0.0	0.0	0.0	0.0	0.0	0.0	0.0	0.0	0.0	0.0	0.0	0.0	0.0	0.0	15233.0	0.0	0.0	0.0	0.0	109.0	0.0	0.0	0.0	0.0	0.0	0.0	0.0	0.0	0.0	0.0	0.0	0.0	13955.0	0.0
0.0	13.0	0.0	0.0	0.0	0.0	20.0	35.0	0.0	0.0	0.0	0.0	0.0	53.0	0.0	0.0	0.0	0.0	0.0	0.0	0.0	0.0	0.0	0.0	155542.0	0.0	319.0	373.0	0.0	7.0	0.0	0.0	0.0	0.0	0.0	0.0	0.0	0.0	0.0	0.0	0.0	0.0	0.0	0.0	0.0	0.0	0.0	0.0	0.0	0.0	10.0	0.0	0.0	0.0	0.0	0.0	15.0	0.0	0.0	0.0	0.0	0.0	0.0	0.0	0.0	0.0	0.0	0.0	0.0	16.0	0.0	0.0	0.0	0.0	7.0	0.0	0.0	0.0	0.0	0.0	0.0	0.0	0.0	0.0	0.0	0.0	0.0	0.0	0.0	0.0	0.0	0.0	0.0	0.0	0.0	0.0	0.0	0.0	0.0	0.0	0.0	0.0	0.0	0.0	2.0	0.0
34.0	0.0	3.0	0.0	0.0	0.0	33.0	4.0	0.0	0.0	0.0	0.0	0.0	28794.0	0.0	0.0	3.0	0.0	0.0	0.0	0.0	0.0	6912.0	0.0	892.0	0.0	72738.0	10.0	0.0	0.0	0.0	0.0	160.0	0.0	0.0	0.0	0.0	0.0	0.0	0.0	0.0	0.0	0.0	0.0	0.0	0.0	0.0	0.0	0.0	8.0	0.0	0.0	0.0	0.0	0.0	0.0	12.0	0.0	0.0	0.0	0.0	0.0	0.0	0.0	0.0	0.0	0.0	0.0	0.0	0.0	0.0	5.0	0.0	0.0	0.0	0.0	0.0	0.0	0.0	0.0	0.0	0.0	0.0	0.0	0.0	200.0	0.0	0.0	0.0	0.0	0.0	0.0	0.0	0.0	215.0	0.0	0.0	12.0	0.0	0.0	0.0	0.0	0.0	0.0	0.0	0.0
0.0	0.0	10.0	0.0	3.0	8.0	0.0	0.0	0.0	0.0	0.0	0.0	0.0	4.0	0.0	0.0	0.0	0.0	0.0	0.0	0.0	0.0	3244.0	5218.0	12.0	0.0	5.0	14095.0	0.0	0.0	0.0	349.0	13390.0	0.0	0.0	0.0	0.0	0.0	0.0	0.0	0.0	13.0	0.0	0.0	0.0	0.0	0.0	0.0	0.0	708.0	0.0	7.0	17801.0	0.0	0.0	0.0	5.0	0.0	0.0	5080.0	0.0	0.0	0.0	0.0	0.0	0.0	0.0	0.0	0.0	0.0	0.0	0.0	0.0	37030.0	0.0	0.0	0.0	0.0	0.0	0.0	0.0	0.0	0.0	0.0	0.0	43.0	0.0	0.0	0.0	0.0	0.0	0.0	0.0	0.0	1774.0	0.0	0.0	107.0	0.0	0.0	0.0	0.0	0.0	0.0	2.0	0.0
144.0	202.0	19848.0	0.0	8.0	5794.0	1146.0	0.0	0.0	0.0	2312.0	0.0	0.0	264.0	2063.0	1157.0	10.0	0.0	7.0	8.0	0.0	0.0	6.0	0.0	0.0	37.0	317.0	1419.0	0.0	25.0	0.0	0.0	8826.0	0.0	0.0	0.0	0.0	0.0	0.0	0.0	0.0	0.0	0.0	0.0	0.0	0.0	0.0	0.0	0.0	0.0	85.0	6064.0	20.0	0.0	0.0	0.0	1089.0	0.0	5.0	119.0	0.0	0.0	0.0	0.0	0.0	0.0	0.0	0.0	0.0	0.0	0.0	387.0	0.0	23.0	0.0	0.0	0.0	0.0	0.0	0.0	0.0	98.0	0.0	0.0	0.0	0.0	0.0	0.0	0.0	0.0	0.0	2059.0	39.0	0.0	30724.0	0.0	0.0	0.0	0.0	0.0	267.0	0.0	0.0	0.0	0.0	0.0
0.0	0.0	63.0	0.0	0.0	65.0	0.0	378.0	0.0	0.0	0.0	0.0	0.0	3272.0	0.0	0.0	68490.0	0.0	0.0	0.0	0.0	0.0	9.0	0.0	28.0	0.0	138.0	25.0	0.0	0.0	0.0	0.0	0.0	0.0	0.0	0.0	0.0	0.0	0.0	0.0	0.0	0.0	0.0	0.0	0.0	0.0	0.0	0.0	0.0	0.0	0.0	0.0	0.0	0.0	0.0	0.0	34692.0	0.0	0.0	0.0	0.0	0.0	0.0	0.0	0.0	89.0	0.0	0.0	0.0	0.0	0.0	0.0	0.0	0.0	0.0	0.0	0.0	0.0	0.0	0.0	0.0	0.0	0.0	0.0	0.0	0.0	0.0	0.0	0.0	0.0	0.0	0.0	0.0	0.0	0.0	0.0	0.0	0.0	0.0	0.0	0.0	0.0	0.0	0.0	0.0	0.0
37782.0	39.0	0.0	0.0	4753.0	70.0	12962.0	5423.0	0.0	0.0	0.0	0.0	0.0	8.0	0.0	5861.0	0.0	0.0	0.0	25.0	0.0	0.0	876.0	31.0	113.0	0.0	612.0	17499.0	0.0	7819.0	0.0	74.0	3098.0	0.0	0.0	5184.0	0.0	1468.0	613.0	5.0	68.0	4542.0	0.0	0.0	0.0	0.0	0.0	1075.0	0.0	0.0	8342.0	0.0	910.0	0.0	0.0	0.0	0.0	945.0	0.0	275.0	0.0	0.0	0.0	0.0	0.0	0.0	0.0	0.0	0.0	0.0	0.0	2045.0	0.0	865.0	0.0	280.0	0.0	0.0	0.0	0.0	0.0	0.0	0.0	0.0	0.0	0.0	231.0	0.0	0.0	0.0	0.0	1109.0	5.0	0.0	5544.0	56.0	0.0	0.0	336.0	0.0	0.0	0.0	0.0	0.0	2505.0	0.0
0.0	229.0	21373.0	0.0	0.0	340.0	17825.0	20.0	0.0	0.0	0.0	0.0	0.0	440.0	0.0	0.0	0.0	45.0	0.0	0.0	0.0	288.0	3317.0	382.0	11.0	8.0	214.0	44330.0	0.0	265.0	11136.0	453.0	14851.0	0.0	0.0	8806.0	0.0	0.0	121.0	0.0	0.0	0.0	3276.0	0.0	0.0	0.0	0.0	0.0	129.0	901.0	0.0	0.0	121.0	0.0	19.0	0.0	18.0	14.0	0.0	14.0	0.0	0.0	0.0	0.0	0.0	2948.0	0.0	0.0	0.0	0.0	0.0	0.0	0.0	0.0	0.0	0.0	0.0	0.0	0.0	0.0	0.0	7080.0	0.0	0.0	0.0	0.0	0.0	0.0	0.0	0.0	0.0	200.0	0.0	0.0	16126.0	0.0	0.0	1069.0	0.0	0.0	0.0	0.0	0.0	0.0	0.0	0.0
0.0	2472.0	8479.0	0.0	0.0	21489.0	42.0	41.0	0.0	0.0	0.0	0.0	0.0	1431.0	701.0	9.0	6723.0	0.0	0.0	257.0	0.0	72.0	903.0	30.0	41.0	150.0	134276.0	18163.0	0.0	0.0	0.0	8.0	0.0	0.0	8.0	0.0	0.0	0.0	0.0	0.0	0.0	0.0	0.0	0.0	0.0	9.0	0.0	0.0	0.0	0.0	0.0	0.0	0.0	0.0	53265.0	0.0	14610.0	667.0	0.0	2453.0	0.0	0.0	0.0	0.0	0.0	211.0	0.0	0.0	0.0	0.0	0.0	0.0	0.0	0.0	0.0	0.0	0.0	0.0	0.0	0.0	0.0	0.0	0.0	0.0	0.0	0.0	0.0	0.0	4.0	0.0	0.0	0.0	0.0	0.0	314.0	0.0	0.0	92.0	0.0	0.0	0.0	0.0	0.0	0.0	0.0	0.0
9.0	0.0	0.0	0.0	0.0	0.0	11.0	0.0	0.0	0.0	0.0	0.0	0.0	0.0	0.0	0.0	0.0	0.0	0.0	0.0	0.0	0.0	0.0	0.0	0.0	0.0	0.0	25.0	0.0	0.0	0.0	0.0	0.0	0.0	10.0	0.0	0.0	0.0	0.0	0.0	0.0	0.0	0.0	0.0	0.0	0.0	0.0	0.0	0.0	0.0	0.0	0.0	0.0	0.0	0.0	0.0	9.0	10.0	0.0	0.0	0.0	0.0	0.0	0.0	0.0	0.0	0.0	0.0	0.0	0.0	0.0	0.0	0.0	0.0	0.0	0.0	0.0	0.0	0.0	0.0	0.0	0.0	0.0	0.0	0.0	0.0	0.0	0.0	0.0	0.0	0.0	0.0	0.0	0.0	0.0	0.0	0.0	0.0	0.0	0.0	0.0	0.0	0.0	0.0	0.0	0.0
29324.0	45804.0	2439.0	0.0	0.0	14430.0	1064.0	22.0	0.0	0.0	0.0	11.0	0.0	62.0	0.0	5857.0	0.0	4.0	5.0	0.0	0.0	0.0	3115.0	481.0	23.0	24385.0	1009.0	33843.0	2591.0	0.0	0.0	279.0	135.0	0.0	10.0	83.0	0.0	0.0	0.0	0.0	0.0	0.0	0.0	0.0	0.0	0.0	0.0	25.0	66.0	964.0	212.0	0.0	0.0	0.0	1232.0	0.0	13.0	19.0	0.0	2019.0	3.0	0.0	0.0	0.0	0.0	0.0	0.0	0.0	0.0	6369.0	0.0	229.0	0.0	0.0	0.0	11.0	0.0	0.0	0.0	0.0	0.0	78.0	0.0	0.0	0.0	0.0	0.0	0.0	0.0	0.0	0.0	0.0	0.0	22.0	102.0	0.0	0.0	0.0	0.0	0.0	0.0	0.0	0.0	0.0	0.0	0.0
0.0	7.0	0.0	0.0	0.0	0.0	51.0	85.0	0.0	0.0	0.0	0.0	0.0	22000.0	4.0	0.0	0.0	0.0	0.0	0.0	0.0	0.0	486.0	0.0	24787.0	10.0	141900.0	308.0	0.0	0.0	0.0	0.0	0.0	0.0	0.0	0.0	0.0	0.0	0.0	0.0	0.0	0.0	0.0	9.0	0.0	0.0	0.0	0.0	0.0	0.0	46.0	0.0	0.0	0.0	0.0	0.0	17.0	0.0	0.0	600.0	59.0	0.0	0.0	0.0	0.0	0.0	0.0	0.0	0.0	21.0	0.0	0.0	0.0	0.0	22.0	0.0	0.0	0.0	35.0	0.0	0.0	0.0	0.0	0.0	0.0	0.0	0.0	0.0	0.0	0.0	0.0	9.0	0.0	0.0	1008.0	0.0	0.0	0.0	0.0	0.0	0.0	0.0	0.0	0.0	0.0	0.0
0.0	6115.0	778.0	0.0	0.0	2422.0	3952.0	656.0	0.0	0.0	0.0	0.0	0.0	20.0	99.0	27.0	0.0	7.0	9.0	0.0	0.0	0.0	96.0	98.0	38.0	12.0	1311.0	2252.0	1379.0	0.0	0.0	8.0	2748.0	0.0	0.0	0.0	0.0	0.0	0.0	0.0	0.0	0.0	13.0	19287.0	44.0	0.0	19.0	1211.0	0.0	0.0	1168.0	31.0	116.0	0.0	0.0	0.0	0.0	28.0	0.0	28.0	0.0	0.0	0.0	0.0	0.0	0.0	0.0	0.0	0.0	0.0	0.0	0.0	0.0	0.0	27695.0	0.0	0.0	0.0	57190.0	0.0	0.0	0.0	0.0	0.0	0.0	0.0	0.0	0.0	0.0	0.0	0.0	118.0	0.0	0.0	1386.0	0.0	0.0	0.0	0.0	0.0	3214.0	0.0	0.0	2516.0	0.0	0.0
0.0	0.0	0.0	0.0	0.0	0.0	0.0	0.0	0.0	0.0	0.0	0.0	0.0	3760.0	145.0	0.0	0.0	0.0	0.0	0.0	0.0	0.0	212.0	0.0	0.0	0.0	14405.0	1589.0	0.0	0.0	0.0	0.0	0.0	0.0	0.0	7844.0	0.0	0.0	0.0	0.0	0.0	0.0	0.0	0.0	0.0	0.0	0.0	0.0	0.0	0.0	0.0	0.0	0.0	0.0	8.0	0.0	3719.0	40499.0	0.0	0.0	0.0	0.0	0.0	0.0	0.0	0.0	0.0	0.0	0.0	0.0	0.0	0.0	0.0	0.0	0.0	0.0	0.0	0.0	0.0	0.0	0.0	0.0	0.0	0.0	0.0	3.0	0.0	0.0	0.0	0.0	0.0	0.0	0.0	0.0	9460.0	8.0	0.0	0.0	0.0	0.0	0.0	0.0	0.0	0.0	0.0	0.0
7909.0	21.0	124.0	0.0	0.0	201.0	34539.0	0.0	0.0	14.0	0.0	0.0	0.0	7701.0	192.0	151.0	0.0	0.0	0.0	1535.0	0.0	0.0	364.0	239.0	12.0	9.0	7434.0	4502.0	147.0	1409.0	0.0	6.0	1861.0	0.0	4634.0	103.0	0.0	0.0	123.0	0.0	0.0	11892.0	0.0	1373.0	0.0	0.0	0.0	2017.0	0.0	94.0	1572.0	0.0	241.0	0.0	0.0	0.0	7797.0	122.0	0.0	14.0	0.0	0.0	0.0	0.0	30.0	0.0	299.0	0.0	0.0	4182.0	352.0	744.0	0.0	0.0	237.0	0.0	0.0	0.0	0.0	0.0	0.0	0.0	0.0	0.0	0.0	105.0	16.0	0.0	0.0	0.0	0.0	112.0	0.0	0.0	24.0	8.0	0.0	4.0	0.0	0.0	0.0	14.0	0.0	0.0	0.0	613.0
39.0	17.0	0.0	170.0	0.0	0.0	81.0	0.0	0.0	0.0	0.0	0.0	0.0	12.0	0.0	24.0	0.0	0.0	6.0	0.0	0.0	0.0	0.0	1331.0	69504.0	0.0	147.0	55873.0	0.0	8.0	0.0	0.0	0.0	0.0	2.0	9.0	0.0	0.0	0.0	0.0	0.0	14.0	0.0	0.0	0.0	0.0	0.0	0.0	0.0	0.0	6.0	0.0	0.0	0.0	0.0	0.0	15.0	48.0	0.0	554.0	0.0	0.0	0.0	0.0	6.0	0.0	0.0	0.0	0.0	0.0	0.0	0.0	0.0	9.0	0.0	31.0	0.0	0.0	0.0	0.0	0.0	0.0	0.0	0.0	0.0	0.0	0.0	0.0	0.0	0.0	0.0	0.0	9.0	0.0	0.0	0.0	0.0	0.0	0.0	0.0	0.0	0.0	0.0	0.0	0.0	0.0
0.0	0.0	11.0	0.0	0.0	0.0	0.0	44887.0	0.0	0.0	0.0	0.0	0.0	9.0	26.0	0.0	0.0	0.0	0.0	8.0	0.0	0.0	13.0	0.0	161.0	182.0	111.0	77938.0	0.0	0.0	0.0	0.0	1875.0	0.0	0.0	0.0	0.0	0.0	0.0	0.0	18.0	0.0	78.0	0.0	0.0	0.0	0.0	0.0	0.0	2.0	146.0	0.0	19.0	0.0	0.0	0.0	5.0	0.0	0.0	2381.0	0.0	0.0	0.0	0.0	0.0	0.0	0.0	0.0	0.0	0.0	0.0	0.0	0.0	0.0	0.0	0.0	0.0	0.0	0.0	0.0	0.0	0.0	0.0	0.0	0.0	0.0	28721.0	0.0	0.0	0.0	0.0	0.0	0.0	0.0	0.0	0.0	0.0	6.0	0.0	0.0	0.0	0.0	0.0	0.0	0.0	0.0
11464.0	182.0	31.0	0.0	41480.0	221.0	3962.0	325.0	0.0	0.0	0.0	0.0	0.0	9.0	122.0	0.0	0.0	0.0	0.0	0.0	0.0	0.0	299.0	0.0	9.0	104.0	83.0	3954.0	0.0	0.0	0.0	0.0	208.0	0.0	0.0	198.0	0.0	24.0	0.0	0.0	12.0	0.0	0.0	0.0	0.0	0.0	0.0	0.0	0.0	24.0	2853.0	0.0	106.0	0.0	0.0	0.0	0.0	0.0	0.0	299.0	0.0	0.0	0.0	0.0	0.0	0.0	0.0	19.0	0.0	843.0	15.0	4731.0	0.0	0.0	0.0	3091.0	483.0	0.0	0.0	0.0	0.0	0.0	27.0	0.0	0.0	0.0	73.0	0.0	0.0	0.0	28.0	106.0	0.0	13.0	5.0	0.0	0.0	0.0	0.0	160.0	0.0	0.0	0.0	0.0	0.0	0.0
0.0	1513.0	18623.0	0.0	0.0	3992.0	0.0	0.0	0.0	0.0	0.0	0.0	0.0	9140.0	1835.0	0.0	0.0	0.0	2.0	0.0	0.0	0.0	12.0	0.0	0.0	29.0	137.0	118.0	0.0	0.0	0.0	0.0	14300.0	0.0	0.0	0.0	0.0	0.0	0.0	0.0	0.0	0.0	0.0	0.0	0.0	0.0	0.0	1880.0	0.0	55.0	0.0	13.0	0.0	0.0	0.0	0.0	0.0	0.0	1356.0	12.0	0.0	0.0	0.0	0.0	0.0	0.0	0.0	0.0	0.0	0.0	0.0	0.0	0.0	0.0	0.0	0.0	0.0	0.0	0.0	0.0	0.0	0.0	0.0	0.0	0.0	0.0	0.0	3.0	0.0	0.0	0.0	0.0	0.0	0.0	3.0	0.0	0.0	0.0	0.0	0.0	0.0	0.0	0.0	0.0	0.0	0.0
58212.0	2920.0	148.0	0.0	54284.0	1295.0	29074.0	116.0	0.0	0.0	0.0	0.0	0.0	153.0	29.0	12.0	0.0	0.0	0.0	0.0	0.0	0.0	4758.0	21.0	7.0	557.0	84.0	74774.0	8516.0	0.0	2488.0	0.0	32.0	0.0	0.0	580.0	0.0	307.0	0.0	0.0	250.0	0.0	0.0	0.0	0.0	0.0	662.0	0.0	0.0	218.0	6587.0	0.0	128.0	0.0	0.0	0.0	8402.0	0.0	0.0	5298.0	0.0	0.0	0.0	0.0	0.0	0.0	0.0	0.0	0.0	291.0	857.0	0.0	0.0	0.0	0.0	270.0	913.0	0.0	0.0	0.0	4.0	0.0	121.0	0.0	0.0	0.0	39.0	0.0	0.0	40.0	2444.0	407.0	0.0	0.0	108.0	0.0	0.0	137.0	0.0	0.0	0.0	0.0	0.0	0.0	7.0	0.0
57049.0	0.0	0.0	0.0	0.0	0.0	17954.0	1363.0	0.0	0.0	0.0	0.0	0.0	1088.0	0.0	35.0	4.0	0.0	45.0	0.0	0.0	0.0	3126.0	0.0	0.0	0.0	13.0	27242.0	0.0	4114.0	0.0	0.0	81.0	0.0	0.0	0.0	64.0	0.0	0.0	0.0	9.0	0.0	0.0	0.0	0.0	0.0	0.0	0.0	4909.0	18.0	3696.0	0.0	12.0	0.0	0.0	0.0	17.0	798.0	0.0	27116.0	0.0	0.0	0.0	0.0	0.0	0.0	0.0	0.0	0.0	0.0	0.0	0.0	0.0	0.0	0.0	0.0	0.0	0.0	0.0	0.0	0.0	0.0	0.0	0.0	0.0	0.0	0.0	0.0	0.0	0.0	0.0	2.0	0.0	0.0	765.0	0.0	0.0	0.0	0.0	0.0	0.0	206.0	0.0	0.0	0.0	0.0
27.0	0.0	0.0	0.0	5.0	0.0	0.0	3.0	0.0	0.0	0.0	0.0	0.0	3.0	0.0	0.0	0.0	0.0	0.0	0.0	0.0	0.0	0.0	0.0	0.0	0.0	15.0	9.0	0.0	0.0	0.0	0.0	0.0	0.0	0.0	0.0	0.0	0.0	0.0	0.0	0.0	0.0	0.0	0.0	0.0	0.0	0.0	0.0	0.0	0.0	0.0	0.0	0.0	0.0	0.0	0.0	0.0	0.0	0.0	0.0	0.0	0.0	0.0	0.0	0.0	0.0	0.0	0.0	0.0	0.0	0.0	0.0	0.0	0.0	0.0	0.0	0.0	0.0	0.0	0.0	0.0	0.0	0.0	0.0	0.0	0.0	0.0	0.0	0.0	0.0	0.0	0.0	0.0	0.0	0.0	0.0	0.0	0.0	0.0	0.0	0.0	0.0	0.0	0.0	0.0	0.0
3866.0	69.0	389.0	0.0	0.0	20.0	1944.0	2030.0	6.0	0.0	0.0	0.0	28.0	46697.0	0.0	0.0	0.0	0.0	0.0	16.0	0.0	0.0	0.0	6.0	0.0	33.0	98.0	603.0	0.0	2285.0	0.0	0.0	7051.0	0.0	0.0	0.0	0.0	0.0	0.0	0.0	236.0	0.0	0.0	0.0	0.0	0.0	0.0	0.0	78.0	56.0	2182.0	0.0	9.0	0.0	0.0	0.0	0.0	0.0	0.0	16.0	0.0	0.0	0.0	0.0	0.0	0.0	0.0	89.0	0.0	7528.0	0.0	5125.0	0.0	0.0	0.0	0.0	0.0	0.0	0.0	14.0	0.0	0.0	10.0	0.0	0.0	0.0	287.0	0.0	0.0	403.0	925.0	548.0	0.0	0.0	5.0	0.0	0.0	0.0	0.0	0.0	0.0	59.0	0.0	43.0	0.0	0.0
1952.0	81.0	0.0	500.0	141.0	178.0	46968.0	85.0	0.0	0.0	0.0	0.0	6.0	17.0	68.0	24.0	0.0	0.0	0.0	8.0	0.0	0.0	127.0	71.0	287.0	141.0	180.0	5685.0	0.0	8690.0	175.0	0.0	213.0	40.0	11.0	5.0	0.0	0.0	0.0	27.0	38.0	34602.0	0.0	12.0	56.0	0.0	0.0	1852.0	0.0	0.0	479.0	0.0	143.0	0.0	0.0	8.0	0.0	0.0	23.0	10.0	0.0	0.0	0.0	0.0	31870.0	15.0	4.0	56.0	0.0	6431.0	108.0	142.0	0.0	4161.0	21709.0	7245.0	805.0	0.0	799.0	5.0	0.0	0.0	0.0	110.0	67.0	0.0	197.0	0.0	0.0	24.0	2741.0	7.0	9.0	0.0	18.0	0.0	0.0	0.0	0.0	0.0	0.0	41.0	0.0	135.0	5427.0	0.0
22.0	0.0	0.0	88.0	0.0	8.0	99.0	0.0	0.0	0.0	0.0	0.0	0.0	0.0	408.0	0.0	0.0	0.0	2367.0	0.0	0.0	0.0	92.0	2.0	347.0	49.0	157.0	23456.0	0.0	8.0	454.0	0.0	0.0	0.0	17.0	0.0	0.0	0.0	0.0	0.0	0.0	0.0	0.0	0.0	0.0	0.0	0.0	0.0	0.0	29.0	2234.0	0.0	14029.0	0.0	0.0	0.0	8.0	0.0	0.0	396.0	86.0	0.0	0.0	0.0	580.0	0.0	0.0	0.0	0.0	45895.0	0.0	7043.0	0.0	0.0	0.0	0.0	0.0	0.0	0.0	0.0	0.0	0.0	0.0	0.0	0.0	0.0	0.0	0.0	0.0	0.0	0.0	44.0	0.0	0.0	146.0	0.0	0.0	0.0	0.0	0.0	0.0	255.0	0.0	0.0	0.0	0.0
25.0	0.0	0.0	0.0	3.0	0.0	31.0	0.0	0.0	0.0	0.0	0.0	0.0	10.0	0.0	0.0	0.0	0.0	0.0	0.0	0.0	0.0	282.0	19.0	2268.0	0.0	71.0	890.0	0.0	0.0	0.0	0.0	0.0	0.0	0.0	90.0	0.0	0.0	0.0	0.0	3.0	0.0	5.0	0.0	0.0	0.0	0.0	0.0	0.0	0.0	30.0	0.0	0.0	0.0	0.0	0.0	10.0	0.0	0.0	899.0	0.0	0.0	0.0	0.0	0.0	0.0	0.0	0.0	0.0	0.0	0.0	0.0	0.0	7.0	0.0	0.0	0.0	0.0	0.0	0.0	0.0	0.0	0.0	0.0	0.0	0.0	32.0	0.0	0.0	0.0	0.0	0.0	0.0	0.0	0.0	0.0	0.0	0.0	0.0	0.0	0.0	0.0	0.0	0.0	0.0	0.0
6.0	0.0	0.0	0.0	0.0	0.0	0.0	0.0	0.0	0.0	0.0	0.0	0.0	0.0	0.0	0.0	0.0	0.0	0.0	0.0	0.0	0.0	0.0	0.0	0.0	0.0	35.0	0.0	0.0	0.0	0.0	0.0	0.0	0.0	9.0	0.0	0.0	0.0	0.0	0.0	0.0	4.0	0.0	0.0	0.0	0.0	0.0	0.0	0.0	0.0	0.0	0.0	0.0	0.0	0.0	0.0	13.0	0.0	0.0	0.0	0.0	0.0	0.0	0.0	0.0	0.0	0.0	0.0	0.0	0.0	0.0	0.0	0.0	0.0	0.0	0.0	0.0	0.0	0.0	0.0	0.0	0.0	0.0	0.0	0.0	0.0	0.0	0.0	0.0	0.0	0.0	0.0	0.0	0.0	0.0	0.0	0.0	0.0	0.0	0.0	0.0	0.0	0.0	0.0	0.0	0.0
47.0	5756.0	0.0	0.0	0.0	340.0	48.0	5.0	0.0	153.0	0.0	15.0	0.0	29.0	0.0	70.0	0.0	0.0	0.0	0.0	0.0	0.0	815.0	291.0	20484.0	3082.0	101.0	11670.0	0.0	6.0	0.0	0.0	0.0	0.0	0.0	0.0	0.0	0.0	0.0	0.0	0.0	17.0	0.0	0.0	0.0	0.0	0.0	0.0	183.0	0.0	0.0	0.0	36.0	0.0	0.0	0.0	11.0	0.0	0.0	0.0	0.0	0.0	0.0	0.0	17.0	0.0	0.0	0.0	0.0	532.0	0.0	68477.0	0.0	0.0	9.0	29.0	0.0	0.0	0.0	0.0	0.0	0.0	0.0	0.0	0.0	0.0	0.0	0.0	0.0	0.0	0.0	607.0	10.0	0.0	29779.0	0.0	0.0	0.0	0.0	0.0	0.0	0.0	0.0	0.0	0.0	0.0
11240.0	0.0	0.0	0.0	35839.0	145.0	401.0	0.0	0.0	0.0	0.0	0.0	0.0	5.0	6.0	0.0	0.0	0.0	0.0	0.0	0.0	0.0	0.0	0.0	0.0	0.0	1271.0	137.0	0.0	0.0	0.0	0.0	18.0	0.0	30587.0	14485.0	0.0	0.0	0.0	0.0	294.0	0.0	0.0	0.0	0.0	0.0	0.0	0.0	103.0	8.0	79.0	0.0	289.0	0.0	0.0	0.0	0.0	0.0	0.0	6.0	0.0	0.0	0.0	10.0	0.0	0.0	0.0	0.0	905.0	279.0	165.0	0.0	0.0	0.0	698.0	709.0	379.0	0.0	190.0	0.0	0.0	0.0	0.0	0.0	0.0	0.0	844.0	0.0	0.0	0.0	0.0	0.0	0.0	0.0	208.0	0.0	0.0	0.0	0.0	164.0	0.0	0.0	0.0	0.0	0.0	0.0
7.0	0.0	0.0	0.0	10533.0	0.0	20.0	23.0	0.0	0.0	0.0	0.0	0.0	12491.0	0.0	0.0	0.0	0.0	0.0	0.0	0.0	0.0	3504.0	4.0	160211.0	417.0	0.0	22.0	0.0	0.0	0.0	0.0	0.0	0.0	0.0	18.0	0.0	0.0	0.0	0.0	0.0	0.0	0.0	0.0	0.0	0.0	0.0	0.0	22.0	0.0	0.0	0.0	0.0	0.0	0.0	0.0	14.0	0.0	0.0	0.0	0.0	0.0	0.0	0.0	0.0	0.0	0.0	0.0	0.0	0.0	0.0	0.0	0.0	0.0	0.0	0.0	0.0	0.0	0.0	0.0	0.0	0.0	0.0	0.0	0.0	0.0	0.0	0.0	0.0	0.0	0.0	0.0	0.0	0.0	0.0	0.0	0.0	0.0	0.0	0.0	0.0	0.0	0.0	0.0	0.0	0.0
4805.0	408.0	0.0	0.0	15991.0	248.0	618.0	0.0	0.0	0.0	0.0	0.0	0.0	418.0	4.0	0.0	0.0	0.0	0.0	0.0	0.0	11.0	66.0	111.0	9.0	0.0	102.0	5493.0	114.0	304.0	0.0	14.0	51.0	0.0	27592.0	480.0	0.0	0.0	0.0	0.0	5712.0	0.0	0.0	0.0	10.0	0.0	0.0	963.0	0.0	69.0	139.0	11.0	332.0	0.0	223.0	82.0	0.0	31.0	0.0	32.0	0.0	0.0	0.0	0.0	0.0	0.0	0.0	0.0	152.0	211.0	28.0	0.0	213.0	3259.0	0.0	40.0	0.0	0.0	177.0	0.0	0.0	0.0	0.0	152.0	0.0	0.0	470.0	0.0	0.0	0.0	0.0	237.0	0.0	0.0	153.0	0.0	233.0	9.0	0.0	0.0	0.0	0.0	0.0	0.0	0.0	0.0
0.0	0.0	0.0	42.0	0.0	0.0	128.0	7.0	0.0	0.0	0.0	0.0	0.0	120744.0	41.0	0.0	0.0	0.0	0.0	0.0	0.0	0.0	23265.0	0.0	8415.0	231.0	259.0	45.0	0.0	13.0	0.0	0.0	0.0	0.0	16.0	14.0	0.0	0.0	0.0	0.0	0.0	0.0	0.0	0.0	0.0	0.0	0.0	0.0	11.0	7.0	0.0	0.0	0.0	0.0	0.0	0.0	0.0	21.0	0.0	0.0	17.0	0.0	0.0	0.0	0.0	0.0	0.0	0.0	0.0	0.0	0.0	29.0	0.0	0.0	0.0	0.0	0.0	0.0	0.0	0.0	0.0	0.0	0.0	0.0	0.0	0.0	0.0	0.0	0.0	0.0	0.0	0.0	0.0	0.0	5.0	0.0	0.0	0.0	0.0	0.0	0.0	0.0	0.0	0.0	0.0	0.0
8445.0	0.0	137.0	0.0	0.0	0.0	354.0	26876.0	0.0	0.0	0.0	0.0	0.0	43.0	0.0	0.0	0.0	0.0	0.0	0.0	0.0	0.0	0.0	1335.0	26.0	0.0	70.0	0.0	0.0	4160.0	784.0	47.0	55.0	0.0	0.0	0.0	0.0	0.0	0.0	0.0	0.0	360.0	0.0	3.0	0.0	0.0	0.0	0.0	28812.0	0.0	46.0	0.0	27.0	0.0	0.0	0.0	0.0	0.0	0.0	0.0	0.0	0.0	0.0	0.0	0.0	0.0	0.0	0.0	0.0	0.0	0.0	0.0	0.0	0.0	0.0	0.0	0.0	0.0	0.0	0.0	0.0	3.0	0.0	0.0	0.0	0.0	0.0	9.0	0.0	0.0	0.0	152.0	0.0	0.0	66.0	0.0	0.0	0.0	0.0	0.0	0.0	0.0	0.0	0.0	0.0	0.0
30271.0	1340.0	1791.0	0.0	0.0	2261.0	2299.0	0.0	0.0	0.0	0.0	0.0	0.0	0.0	10.0	0.0	0.0	0.0	0.0	0.0	0.0	14.0	33.0	13.0	0.0	5.0	2974.0	1160.0	0.0	2539.0	0.0	0.0	173.0	0.0	204.0	0.0	0.0	0.0	0.0	0.0	0.0	0.0	0.0	0.0	6.0	0.0	0.0	519.0	0.0	140.0	1125.0	0.0	909.0	0.0	4104.0	0.0	0.0	684.0	15.0	28.0	0.0	4.0	0.0	0.0	0.0	0.0	0.0	0.0	0.0	10270.0	0.0	78.0	0.0	4214.0	0.0	80.0	0.0	0.0	0.0	5.0	0.0	0.0	14.0	0.0	0.0	0.0	157.0	0.0	0.0	0.0	0.0	0.0	0.0	0.0	352.0	0.0	0.0	0.0	0.0	0.0	0.0	0.0	0.0	20.0	0.0	0.0
5772.0	6392.0	3493.0	93584.0	194.0	75.0	64215.0	366.0	0.0	0.0	0.0	69.0	0.0	0.0	203.0	1045.0	1482.0	0.0	0.0	10.0	0.0	0.0	59.0	30.0	61.0	449.0	226.0	13672.0	7823.0	464.0	0.0	7.0	551.0	0.0	0.0	20606.0	732.0	1310.0	10.0	0.0	2668.0	0.0	0.0	1107.0	0.0	0.0	28.0	28.0	0.0	0.0	4896.0	0.0	89.0	0.0	0.0	0.0	0.0	0.0	0.0	18.0	0.0	0.0	0.0	0.0	536.0	0.0	0.0	16.0	0.0	16297.0	19.0	1247.0	1995.0	743.0	349.0	530.0	25.0	0.0	230.0	0.0	0.0	0.0	13.0	34.0	0.0	0.0	803.0	0.0	0.0	155.0	744.0	16.0	0.0	0.0	8.0	0.0	0.0	0.0	27.0	0.0	0.0	50.0	0.0	311.0	1784.0	2655.0
0.0	179.0	5048.0	0.0	0.0	67369.0	4279.0	0.0	0.0	0.0	0.0	0.0	0.0	9.0	3225.0	15.0	0.0	0.0	0.0	0.0	0.0	0.0	0.0	0.0	39.0	5.0	13051.0	46.0	702.0	0.0	0.0	0.0	2773.0	0.0	3.0	0.0	0.0	0.0	0.0	0.0	544.0	0.0	0.0	0.0	0.0	0.0	0.0	0.0	5257.0	0.0	132.0	0.0	645.0	0.0	6166.0	315.0	0.0	0.0	0.0	0.0	0.0	0.0	0.0	0.0	0.0	15281.0	0.0	0.0	0.0	0.0	132.0	0.0	0.0	0.0	0.0	300.0	0.0	0.0	0.0	0.0	0.0	6511.0	0.0	0.0	0.0	0.0	5747.0	0.0	0.0	0.0	0.0	584.0	0.0	0.0	12.0	0.0	0.0	0.0	0.0	0.0	198.0	0.0	0.0	0.0	0.0	0.0
11.0	0.0	3.0	10.0	0.0	0.0	27.0	0.0	0.0	0.0	0.0	0.0	0.0	0.0	0.0	0.0	0.0	0.0	399.0	0.0	0.0	15.0	208.0	11.0	0.0	0.0	52.0	131.0	0.0	0.0	0.0	0.0	10.0	0.0	0.0	120353.0	0.0	0.0	0.0	0.0	0.0	11.0	0.0	0.0	0.0	0.0	0.0	0.0	0.0	18.0	0.0	0.0	0.0	0.0	0.0	0.0	0.0	0.0	0.0	55.0	0.0	0.0	0.0	0.0	0.0	0.0	0.0	0.0	0.0	7.0	0.0	0.0	0.0	0.0	0.0	0.0	0.0	0.0	0.0	0.0	0.0	0.0	0.0	0.0	0.0	0.0	0.0	0.0	0.0	0.0	0.0	6.0	0.0	319.0	8.0	0.0	0.0	22.0	0.0	0.0	0.0	0.0	0.0	3.0	0.0	0.0
0.0	0.0	0.0	959.0	0.0	5.0	69.0	0.0	0.0	0.0	42.0	0.0	0.0	40.0	189709.0	0.0	0.0	0.0	0.0	0.0	0.0	0.0	2110.0	0.0	1883.0	4.0	940.0	3004.0	0.0	95.0	0.0	0.0	0.0	0.0	0.0	49.0	0.0	0.0	0.0	0.0	3.0	7.0	0.0	3.0	0.0	0.0	0.0	0.0	20.0	0.0	0.0	0.0	0.0	0.0	0.0	0.0	26.0	85.0	0.0	5.0	0.0	0.0	0.0	0.0	7.0	0.0	0.0	0.0	0.0	37.0	0.0	0.0	0.0	27.0	10.0	0.0	0.0	0.0	17.0	0.0	0.0	0.0	0.0	0.0	0.0	0.0	0.0	0.0	0.0	0.0	0.0	0.0	0.0	0.0	17.0	0.0	0.0	0.0	0.0	0.0	0.0	0.0	0.0	0.0	7.0	0.0
25373.0	7937.0	136.0	2627.0	9532.0	12778.0	15724.0	9.0	0.0	0.0	0.0	0.0	0.0	12.0	0.0	0.0	0.0	0.0	3458.0	0.0	0.0	21.0	606.0	831.0	6.0	372.0	2057.0	11907.0	0.0	959.0	0.0	0.0	64.0	0.0	0.0	54.0	0.0	0.0	38.0	0.0	0.0	4688.0	0.0	29.0	19.0	0.0	12.0	301.0	0.0	41.0	741.0	0.0	187.0	0.0	151.0	293.0	479.0	94.0	0.0	534.0	0.0	0.0	0.0	152.0	0.0	0.0	0.0	0.0	0.0	1808.0	0.0	136.0	0.0	115.0	0.0	13.0	0.0	0.0	194.0	0.0	0.0	0.0	7.0	294.0	0.0	0.0	21.0	0.0	0.0	0.0	0.0	6.0	0.0	21.0	0.0	0.0	0.0	13.0	0.0	75.0	0.0	7.0	6.0	0.0	0.0	0.0
0.0	0.0	0.0	0.0	0.0	0.0	38.0	0.0	0.0	0.0	0.0	0.0	0.0	228.0	89.0	13.0	0.0	0.0	0.0	0.0	0.0	0.0	0.0	0.0	86.0	0.0	169990.0	26.0	0.0	9.0	0.0	0.0	0.0	0.0	0.0	0.0	0.0	0.0	0.0	0.0	338.0	0.0	0.0	0.0	0.0	0.0	0.0	0.0	0.0	0.0	0.0	0.0	0.0	0.0	0.0	0.0	0.0	14.0	0.0	9.0	0.0	0.0	0.0	0.0	0.0	0.0	0.0	0.0	0.0	0.0	0.0	0.0	0.0	0.0	0.0	0.0	0.0	0.0	0.0	0.0	0.0	0.0	0.0	0.0	0.0	0.0	0.0	0.0	0.0	0.0	0.0	0.0	0.0	0.0	0.0	0.0	0.0	0.0	0.0	0.0	0.0	0.0	0.0	0.0	0.0	0.0
0.0	0.0	0.0	0.0	0.0	0.0	10.0	6.0	0.0	0.0	0.0	0.0	0.0	9.0	24.0	0.0	0.0	0.0	0.0	10.0	0.0	9.0	708.0	263.0	38.0	0.0	45579.0	1306.0	0.0	28565.0	0.0	0.0	0.0	0.0	0.0	29306.0	0.0	0.0	0.0	0.0	95.0	0.0	0.0	0.0	0.0	0.0	0.0	0.0	6501.0	0.0	0.0	0.0	0.0	0.0	0.0	0.0	0.0	314.0	0.0	26.0	0.0	0.0	0.0	0.0	0.0	0.0	0.0	0.0	0.0	0.0	0.0	0.0	0.0	0.0	0.0	0.0	0.0	0.0	0.0	0.0	0.0	0.0	0.0	0.0	0.0	0.0	0.0	0.0	0.0	0.0	0.0	3.0	0.0	0.0	0.0	0.0	0.0	0.0	0.0	0.0	0.0	0.0	0.0	0.0	0.0	0.0
0.0	0.0	0.0	0.0	0.0	0.0	2301.0	11.0	0.0	0.0	0.0	0.0	0.0	101126.0	50.0	4303.0	0.0	0.0	4101.0	0.0	0.0	0.0	0.0	0.0	49.0	28.0	201.0	170.0	0.0	8.0	0.0	0.0	0.0	0.0	0.0	7.0	0.0	0.0	0.0	0.0	0.0	83.0	0.0	0.0	0.0	0.0	0.0	0.0	14.0	0.0	560.0	0.0	0.0	0.0	0.0	0.0	0.0	0.0	0.0	0.0	0.0	0.0	0.0	0.0	0.0	0.0	0.0	0.0	0.0	91.0	0.0	133.0	0.0	0.0	0.0	48.0	11.0	0.0	0.0	0.0	0.0	0.0	0.0	0.0	0.0	0.0	0.0	0.0	0.0	4.0	0.0	0.0	0.0	61.0	0.0	0.0	0.0	0.0	0.0	0.0	0.0	0.0	0.0	0.0	0.0	0.0
31.0	15.0	9.0	210137.0	0.0	0.0	160.0	0.0	0.0	0.0	0.0	0.0	0.0	0.0	11.0	0.0	0.0	0.0	1889.0	0.0	0.0	0.0	9.0	0.0	212.0	2.0	161.0	646.0	20.0	0.0	0.0	0.0	0.0	0.0	0.0	44.0	0.0	0.0	0.0	0.0	0.0	0.0	0.0	0.0	0.0	0.0	0.0	0.0	0.0	0.0	0.0	0.0	300.0	0.0	4.0	0.0	0.0	0.0	0.0	0.0	0.0	0.0	0.0	0.0	0.0	0.0	0.0	0.0	0.0	80.0	0.0	0.0	0.0	1773.0	0.0	0.0	0.0	0.0	0.0	0.0	0.0	0.0	0.0	0.0	0.0	0.0	0.0	0.0	0.0	0.0	0.0	0.0	0.0	0.0	382.0	0.0	0.0	0.0	0.0	0.0	0.0	0.0	0.0	0.0	0.0	3.0
7.0	14.0	0.0	17.0	2.0	0.0	42.0	0.0	4.0	0.0	0.0	0.0	0.0	159.0	62.0	0.0	0.0	9.0	0.0	6.0	0.0	153.0	3783.0	49.0	388.0	25.0	477.0	100368.0	0.0	26.0	0.0	0.0	0.0	0.0	0.0	34.0	0.0	0.0	0.0	0.0	0.0	0.0	0.0	0.0	0.0	0.0	0.0	0.0	0.0	0.0	0.0	0.0	0.0	0.0	0.0	7.0	60.0	0.0	0.0	1733.0	0.0	0.0	0.0	3.0	0.0	0.0	0.0	0.0	0.0	14.0	0.0	0.0	0.0	0.0	0.0	0.0	0.0	16.0	0.0	0.0	0.0	0.0	0.0	0.0	0.0	5.0	0.0	7.0	0.0	0.0	0.0	0.0	8.0	0.0	615.0	0.0	0.0	0.0	0.0	0.0	0.0	0.0	0.0	0.0	0.0	5.0
58.0	70.0	109.0	0.0	0.0	10.0	90139.0	0.0	0.0	0.0	0.0	0.0	0.0	1358.0	100.0	21126.0	0.0	0.0	3585.0	0.0	0.0	8.0	20.0	0.0	38.0	0.0	1597.0	3437.0	8.0	34.0	0.0	0.0	0.0	0.0	0.0	27.0	0.0	61.0	0.0	0.0	0.0	2220.0	0.0	0.0	0.0	0.0	0.0	0.0	0.0	12.0	172.0	0.0	9.0	0.0	0.0	0.0	3581.0	273.0	0.0	5.0	4.0	0.0	0.0	0.0	0.0	0.0	0.0	0.0	0.0	133.0	0.0	85.0	33.0	0.0	0.0	0.0	0.0	0.0	339.0	0.0	0.0	0.0	0.0	0.0	0.0	0.0	0.0	0.0	0.0	30.0	0.0	20.0	0.0	107.0	40.0	0.0	0.0	0.0	0.0	0.0	0.0	0.0	0.0	0.0	0.0	0.0
35.0	41.0	0.0	10.0	0.0	0.0	135.0	779.0	961.0	0.0	0.0	0.0	0.0	13.0	168.0	0.0	0.0	0.0	0.0	21.0	0.0	0.0	14293.0	2049.0	17.0	0.0	49189.0	19249.0	0.0	366.0	0.0	47.0	91.0	0.0	7.0	4.0	0.0	0.0	0.0	0.0	205.0	0.0	0.0	0.0	0.0	0.0	0.0	0.0	147.0	23.0	275.0	0.0	270.0	35.0	0.0	0.0	0.0	12.0	0.0	3979.0	0.0	0.0	0.0	0.0	8.0	0.0	0.0	0.0	0.0	13.0	0.0	0.0	0.0	0.0	0.0	0.0	0.0	134.0	0.0	0.0	0.0	0.0	0.0	0.0	0.0	0.0	7.0	72.0	54.0	0.0	0.0	0.0	0.0	0.0	1829.0	0.0	0.0	16.0	0.0	0.0	0.0	0.0	0.0	0.0	0.0	0.0
24.0	0.0	1955.0	59.0	0.0	32091.0	73200.0	4.0	6.0	0.0	0.0	0.0	0.0	13.0	0.0	0.0	0.0	0.0	0.0	0.0	0.0	0.0	665.0	276.0	148.0	10.0	142.0	10889.0	34.0	2.0	0.0	11.0	0.0	0.0	0.0	0.0	0.0	0.0	90.0	0.0	0.0	0.0	11.0	0.0	0.0	0.0	149.0	4915.0	0.0	0.0	0.0	0.0	0.0	0.0	0.0	6.0	0.0	0.0	0.0	30.0	0.0	0.0	0.0	0.0	0.0	0.0	0.0	0.0	0.0	10.0	0.0	56.0	0.0	0.0	0.0	0.0	0.0	198.0	0.0	0.0	0.0	0.0	0.0	0.0	0.0	1511.0	0.0	55.0	0.0	0.0	0.0	0.0	0.0	0.0	4015.0	0.0	0.0	0.0	0.0	0.0	0.0	0.0	0.0	0.0	0.0	0.0
0.0	13.0	0.0	0.0	0.0	0.0	26711.0	3.0	0.0	0.0	0.0	0.0	0.0	55.0	1537.0	0.0	0.0	0.0	0.0	31.0	0.0	0.0	1486.0	0.0	12.0	0.0	62027.0	46670.0	0.0	8856.0	0.0	0.0	7977.0	0.0	0.0	0.0	0.0	0.0	0.0	0.0	88.0	0.0	0.0	0.0	0.0	0.0	0.0	0.0	6027.0	0.0	1605.0	0.0	250.0	0.0	0.0	0.0	4.0	0.0	0.0	6.0	0.0	0.0	0.0	0.0	0.0	0.0	0.0	0.0	0.0	0.0	0.0	0.0	0.0	0.0	0.0	0.0	0.0	9.0	0.0	0.0	0.0	0.0	0.0	0.0	0.0	0.0	0.0	0.0	5.0	0.0	0.0	0.0	0.0	0.0	1561.0	0.0	0.0	0.0	0.0	0.0	0.0	0.0	0.0	0.0	0.0	0.0
8120.0	0.0	0.0	24.0	0.0	3526.0	4184.0	0.0	0.0	0.0	0.0	0.0	0.0	8.0	0.0	0.0	0.0	0.0	0.0	0.0	0.0	0.0	0.0	0.0	39.0	0.0	2934.0	512.0	0.0	403.0	0.0	0.0	330.0	0.0	0.0	60720.0	0.0	0.0	0.0	0.0	116.0	0.0	0.0	0.0	0.0	0.0	0.0	1641.0	0.0	0.0	949.0	0.0	538.0	0.0	93.0	0.0	0.0	0.0	0.0	0.0	0.0	0.0	0.0	0.0	0.0	0.0	0.0	0.0	0.0	0.0	0.0	0.0	0.0	0.0	0.0	64.0	5767.0	0.0	0.0	3.0	0.0	0.0	0.0	0.0	0.0	0.0	0.0	0.0	0.0	0.0	0.0	186.0	0.0	0.0	10268.0	8.0	0.0	0.0	0.0	0.0	0.0	0.0	0.0	0.0	0.0	0.0
33.0	0.0	0.0	82.0	0.0	14.0	64.0	23.0	0.0	0.0	0.0	0.0	0.0	34.0	640.0	6501.0	0.0	0.0	0.0	0.0	0.0	0.0	44.0	0.0	70.0	0.0	157568.0	1446.0	0.0	0.0	0.0	0.0	0.0	0.0	0.0	18.0	0.0	0.0	0.0	0.0	0.0	0.0	0.0	0.0	0.0	0.0	0.0	0.0	9.0	0.0	8.0	0.0	0.0	0.0	13.0	0.0	0.0	0.0	0.0	0.0	0.0	0.0	0.0	0.0	0.0	0.0	0.0	0.0	0.0	14.0	0.0	0.0	0.0	0.0	0.0	33.0	0.0	0.0	0.0	0.0	0.0	0.0	0.0	0.0	0.0	0.0	0.0	0.0	0.0	0.0	0.0	0.0	0.0	0.0	0.0	0.0	0.0	0.0	0.0	0.0	0.0	0.0	0.0	0.0	0.0	0.0
0.0	12.0	0.0	52.0	0.0	8.0	121.0	0.0	0.0	0.0	0.0	0.0	0.0	836.0	0.0	0.0	0.0	0.0	0.0	0.0	0.0	0.0	0.0	2661.0	116077.0	0.0	261.0	60752.0	0.0	0.0	0.0	0.0	0.0	0.0	0.0	4.0	0.0	0.0	0.0	0.0	0.0	0.0	0.0	0.0	0.0	0.0	0.0	0.0	0.0	0.0	0.0	0.0	0.0	0.0	0.0	0.0	0.0	0.0	0.0	1119.0	0.0	0.0	0.0	0.0	0.0	0.0	0.0	0.0	0.0	17.0	0.0	0.0	0.0	0.0	0.0	0.0	0.0	0.0	0.0	0.0	0.0	0.0	0.0	0.0	0.0	0.0	0.0	0.0	0.0	0.0	0.0	0.0	0.0	0.0	0.0	0.0	0.0	0.0	0.0	0.0	0.0	0.0	0.0	0.0	0.0	0.0
0.0	7.0	0.0	0.0	0.0	0.0	29.0	7.0	0.0	174.0	0.0	0.0	0.0	50.0	4900.0	4135.0	0.0	0.0	0.0	63001.0	0.0	0.0	6.0	0.0	51.0	0.0	68.0	8286.0	0.0	0.0	0.0	0.0	0.0	0.0	0.0	0.0	0.0	0.0	0.0	0.0	0.0	0.0	0.0	0.0	0.0	0.0	0.0	0.0	0.0	0.0	26.0	0.0	18.0	0.0	0.0	0.0	0.0	0.0	0.0	0.0	0.0	0.0	0.0	0.0	0.0	0.0	0.0	0.0	0.0	0.0	0.0	0.0	0.0	0.0	0.0	0.0	0.0	0.0	0.0	0.0	0.0	0.0	0.0	0.0	0.0	0.0	0.0	0.0	0.0	0.0	0.0	0.0	0.0	0.0	5368.0	0.0	0.0	0.0	0.0	0.0	0.0	0.0	0.0	0.0	0.0	0.0
95.0	40.0	24.0	0.0	14.0	0.0	214.0	93.0	0.0	0.0	0.0	0.0	0.0	21.0	13.0	0.0	0.0	0.0	0.0	0.0	0.0	51.0	979.0	10.0	5.0	0.0	41.0	1164.0	2.0	0.0	0.0	0.0	0.0	11.0	0.0	87961.0	545.0	49.0	0.0	0.0	6.0	0.0	0.0	5.0	0.0	0.0	0.0	0.0	0.0	39.0	313.0	0.0	6.0	2.0	0.0	0.0	421.0	0.0	0.0	98.0	0.0	0.0	0.0	0.0	164.0	0.0	0.0	85.0	0.0	62.0	0.0	0.0	0.0	22.0	0.0	0.0	0.0	0.0	71.0	0.0	10886.0	0.0	17.0	0.0	33.0	0.0	10.0	0.0	0.0	815.0	190.0	30.0	0.0	0.0	6.0	0.0	0.0	109.0	0.0	394.0	0.0	0.0	0.0	0.0	126636.0	0.0
42.0	1.0	0.0	0.0	0.0	44916.0	29357.0	277.0	77.0	0.0	0.0	0.0	0.0	12.0	0.0	55716.0	0.0	0.0	0.0	13.0	0.0	0.0	384.0	263.0	84.0	5.0	91.0	2937.0	0.0	7.0	0.0	276.0	1328.0	0.0	4.0	56743.0	0.0	1921.0	99.0	0.0	148.0	0.0	0.0	0.0	0.0	0.0	0.0	0.0	99.0	0.0	8.0	0.0	13.0	0.0	0.0	9.0	7.0	0.0	0.0	0.0	0.0	0.0	0.0	0.0	0.0	0.0	0.0	0.0	0.0	108.0	0.0	35.0	0.0	0.0	0.0	26.0	0.0	0.0	0.0	0.0	0.0	0.0	0.0	0.0	0.0	31.0	0.0	3.0	0.0	0.0	0.0	343.0	0.0	0.0	1510.0	47.0	0.0	0.0	0.0	0.0	0.0	0.0	0.0	0.0	0.0	0.0
2221.0	3338.0	8167.0	0.0	1595.0	408.0	7916.0	304.0	0.0	0.0	0.0	0.0	0.0	0.0	0.0	0.0	0.0	0.0	0.0	0.0	0.0	132.0	2740.0	383.0	0.0	6.0	31.0	17107.0	264.0	904.0	0.0	63.0	193.0	1263.0	0.0	11613.0	287.0	308.0	103.0	14.0	62.0	0.0	0.0	313.0	0.0	0.0	0.0	1677.0	0.0	117.0	5892.0	0.0	0.0	22.0	109.0	11.0	0.0	384.0	0.0	289.0	0.0	0.0	31.0	141.0	6763.0	0.0	0.0	64.0	0.0	670.0	63.0	634.0	0.0	12664.0	0.0	12.0	107.0	0.0	647.0	49.0	223.0	0.0	11.0	255.0	0.0	0.0	71.0	0.0	0.0	33.0	1750.0	199.0	0.0	0.0	22.0	0.0	106.0	34.0	0.0	334.0	0.0	171.0	0.0	577.0	227.0	431.0
760.0	0.0	0.0	0.0	0.0	13.0	1481.0	9.0	88.0	0.0	0.0	0.0	0.0	42458.0	458.0	41303.0	0.0	0.0	34.0	250.0	0.0	12.0	142.0	55.0	83.0	0.0	586.0	4669.0	0.0	5704.0	0.0	0.0	132.0	0.0	0.0	3.0	0.0	0.0	0.0	0.0	3.0	43.0	0.0	0.0	11.0	0.0	0.0	0.0	53.0	11.0	46481.0	0.0	0.0	0.0	0.0	24.0	18.0	0.0	0.0	39.0	0.0	0.0	0.0	0.0	8.0	0.0	0.0	0.0	0.0	256.0	0.0	0.0	0.0	0.0	0.0	0.0	0.0	0.0	348.0	0.0	0.0	0.0	2.0	0.0	0.0	0.0	2060.0	0.0	0.0	0.0	0.0	144.0	0.0	0.0	249.0	0.0	0.0	0.0	0.0	14.0	0.0	0.0	0.0	42.0	0.0	0.0
0.0	8.0	0.0	0.0	0.0	0.0	54296.0	0.0	0.0	0.0	0.0	0.0	0.0	2.0	136.0	19.0	0.0	0.0	0.0	24.0	0.0	0.0	646.0	25.0	0.0	0.0	55.0	1700.0	0.0	18666.0	0.0	0.0	2144.0	0.0	48016.0	88.0	0.0	0.0	374.0	0.0	0.0	0.0	0.0	0.0	0.0	0.0	0.0	0.0	0.0	0.0	23.0	0.0	0.0	0.0	0.0	0.0	0.0	153.0	0.0	0.0	0.0	0.0	0.0	0.0	0.0	0.0	0.0	0.0	0.0	0.0	0.0	0.0	0.0	0.0	0.0	0.0	0.0	0.0	0.0	0.0	0.0	0.0	0.0	0.0	0.0	0.0	0.0	0.0	0.0	0.0	0.0	0.0	0.0	2486.0	224.0	20.0	0.0	0.0	0.0	0.0	0.0	0.0	0.0	0.0	0.0	0.0
